{
  "R00": [
    [41.107553, 29.032223],

    [41.107553, 29.032577],

    [41.107459, 29.032577],

    [41.107459, 29.032472],

    [41.107401, 29.032472],

    [41.107396, 29.03223],

    [41.107468, 29.032229],

    [41.107468, 29.032223]
  ],

  "R01": [
    [41.1076395295942, 29.03176707977764],
    [41.10763951676573, 29.031897778040733],
    [41.10765616992259, 29.031897767563354],
    [41.10765617109441, 29.03196023238707],
    [41.10757500870942, 29.031960233041904],
    [41.107575012163245, 29.031897428358214],
    [41.10754832370712, 29.0318974335969],
    [41.10754832321373, 29.03176707977764]
  ],

  "R02": [
    [41.10764104261503, 29.03196789135109],
    [41.10764104187493, 29.032210705263427],
    [41.10757500833938, 29.032210706327536],
    [41.10757500870942, 29.03196789135109]
  ],

  "R03": [
    [41.107542, 29.031767],
    [41.107542, 29.031897],
    [41.107445, 29.031897],
    [41.107445, 29.031894],
    [41.107419, 29.031894],
    [41.107419, 29.031897],
    [41.107384, 29.031897],
    [41.107384, 29.031767]
  ],

  "R04": [
    [41.10776030335562, 29.032372078509074],
    [41.10776030259241, 29.032480347323148],
    [41.10766483309278, 29.032480343885254],
    [41.107664839013594, 29.032477957662202],
    [41.10763740857727, 29.032477965520233],
    [41.107637434827865, 29.032511272289415],
    [41.10757500827193, 29.032511272698684],
    [41.1075750089099, 29.032372079491328]
  ],

  "R05": [
    [41.107760302245474, 29.03248730053747],
    [41.10776030249216, 29.032556748697974],
    [41.10765231477941, 29.032556748370556],
    [41.10765232857157, 29.032511626883213],
    [41.10766483278439, 29.032511628029173],
    [41.10766483278439, 29.032487996300922]
  ],

  "R07": [
    [41.10764654524734, 29.032608032357533],

    [41.10764654475392, 29.03277006960707],

    [41.10763952429013, 29.032770053891003],

    [41.10763951997284, 29.032803662703376],

    [41.107646554082336, 29.03280365026149],

    [41.107646554521764, 29.03284553292906],

    [41.10757274389409, 29.032840444197067],

    [41.10757274235991, 29.03260803219382]
  ],

  "R08": [
    [41.10756692325689, 29.032608032357533],
    [41.107566923403375, 29.032840148865947],
    [41.107489400065596, 29.032829444258827],
    [41.10748939912504, 29.032608032357533]
  ],

  "R09": [
    [41.10748362876145, 29.032608032357533],

    [41.10748362890793,29.032828189101572],

    [41.10743157749635, 29.03282074934396],

    [41.107415420370316, 29.032809397758687],

    [41.107410578279854,29.03279927792028],
    
    [41.107400869751444, 29.032608032357533]
  ],

  "KITCHEN": [
    [41.10776030273887, 29.0325644058612],
    [41.10776030259241, 29.03277339257329],
    [41.107667720116915, 29.032773392737003],
    [41.10766772486592, 29.03277006993449],
    [41.107652315103216, 29.03277006960707],
    [41.107652315103216, 29.0325644058612]
  ],

  "TOILET_1": [
    [41.10775999520277, 29.032260899602992],
    [41.107759995214344, 29.03236442200069],
    [41.107645299180874, 29.032364421673268],
    [41.10764529940443, 29.03226089911187]
  ],

  "TOILET_2": [
    [41.10761050563939, 29.03226510708919],
    [41.107610505492914, 29.03236442200069],
    [41.10758051083266, 29.03236442220532],
    [41.1075805108635, 29.0322651068027]
  ],

  "BALCONY": [
    [41.10776030215296, 29.032773747167088],
    [41.10776030254228, 29.032854969691474],
    [41.10765231487964, 29.032845994752282],
    [41.10765231653716, 29.032803649606652],
    [41.107667729954144, 29.032803653535673],
    [41.107667720402176, 29.032773747167088]
  ],

  "M01": [
    [41.10750412679471, 29.031806729617532],
    [41.107504, 29.031854],
    [41.107419, 29.031854],
    [41.107419, 29.031807]
  ],

  "M02": [
    [41.10753, 29.032247],
    [41.10753, 29.032276],
    [41.107486, 29.032276],
    [41.107486, 29.032247]
  ],
  "M03": [
    [41.10753, 29.03228],
    [41.10753, 29.032309],
    [41.107486, 29.032309],
    [41.107486, 29.03228]
  ],
  "M04": [
    [41.10752997130126, 29.03236759419088],
    [41.10752995748595, 29.03239643317648],
    [41.10748621819368, 29.032396438415162],
    [41.10748620240472, 29.032367578474812]
  ],
  "M05": [
    [41.107529951565105, 29.032400459109343],
    [41.1075299535387, 29.032429300714288],
    [41.10748622608815, 29.03242929023691],
    [41.107486229665334, 29.03240046172869]
  ],
  "M06": [
    [41.10754698861795, 29.032487967488123],
    [41.10754699313543, 29.032513161072586],
    [41.10750874811843, 29.032513162310355],
    [41.10750874737835, 29.032487961267183]
  ],
  "M07": [
    [41.10754699225681, 29.032517174491662],
    [41.1075469927502, 29.032542369968727],
    [41.107508749005014, 29.03254237258807],
    [41.10750875097863, 29.03251717187232]
  ],
  "M08": [
    [41.10750572542427, 29.032487966178454],
    [41.1075057175298, 29.03251315117814],
    [41.10746748461549, 29.03251314070076],
    [41.107467500404425, 29.03248796355911]
  ],
  "M09": [
    [41.10750572147705, 29.032517179730352],
    [41.10750572542427, 29.032542367349386],
    [41.107467500404425, 29.032542351633314],
    [41.10746748856274, 29.032517174491662]
  ],
  "M10": [
    [41.10746030854052, 29.03224959271029],
    [41.107460300646025, 29.032278405502442],
    [41.107416628410405, 29.032278384547688],
    [41.10741661262147, 29.032249655574564]
  ],
  "M11": [
    [41.10746169402039, 29.03228244977072],
    [41.107461697967636, 29.032340494450185],
    [41.10743997237657, 29.032340483972806],
    [41.10743999137265, 29.032282455009412]
  ],
  "M12": [
    [41.10746169599401, 29.032344515144366],
    [41.107461697967636, 29.03240256244317],
    [41.107439964482076, 29.032402551965795],
    [41.107439964482076, 29.032344517763708]
  ],
  "M13": [
    [41.10746169969455, 29.032406580518007],
    [41.10746169787512, 29.03246464091354],
    [41.10743995950178, 29.032464642878043],
    [41.10743995915485, 29.03240658100913]
  ],
  "M14": [
    [41.107436939618395, 29.03228243831109],
    [41.107436939125, 29.03234050263564],
    [41.10741520089765, 29.03234050034371],
    [41.107415203087136, 29.032282441912688]
  ],
  "M15": [
    [41.10743693947962, 29.0323445103968],
    [41.107436938338616, 29.032402571610877],
    [41.10741519825331, 29.03240257357539],
    [41.10741519812995, 29.03234451023309]
  ],
  "M16": [
    [41.10743693951817, 29.032406580190585],
    [41.10743693952972, 29.032464645415537],
    [41.10741519825331, 29.032464645169973],
    [41.10741519941744, 29.032406580518007]
  ]
}
